Prodavnica,Ime,Brend,Procesor,RAM_Memorija,Kapacitet,Cena,Klub/Smart/Happy cena
Anhoch,"HP 15 i5-1334U 16GB/512GB/15.6"" FHD IPS/Iris XE/Type-C/DOS/Moonlight blue",Hp,I5 1334U,16,512,2598000,
Anhoch,"HP Pavilion 15 Ryzen7 7730U 16GB/512GB SSD/15.6"" FullHD/DOS/Fog Blue",Hp,Ryzen7 7730U,16,512,2798000,2698000
Anhoch,"Lenovo IdeaPad Slim 3 Ryzen3 7320U/8GB/256GB SSD/15.6"" FHD/DOS",Lenovo,Ryzen3 7320U,8,256,1698000,
Anhoch,"Lenovo IdeaPad 1 Ryzen5 5500U 8GB/512GB SSD/15.6"" FHD/ DOS",Lenovo,Ryzen5 5500U,8,512,1898000,1798000
Anhoch,"Lenovo IdeaPad Slim 3 Core 5 120U/16GB/512GB SSD/15.6"" FHD AG 250nits/Arc.Grey",Lenovo,I5,16,512,3098000,
Anhoch,"Lenovo IP3 i7-1255U 16GB/512GB/15.6"" FullHD/DOS/ArcticGray",Lenovo,I7 1255U,16,512,2898000,
Anhoch,"Lenovo LOQ Gaming i5-12450HX/16GB/512GB/RTX4050 6GB/15.6"" FHD IPS 144Hz/DOS",Lenovo,I5 12450Hx,16,512,4798000,4698000
Anhoch,"HP 15 i5-1334U 12GB/512GB/15.6"" FHD IPS/Iris XE/Type-C/DOS/Warm Gold",Hp,I5 1334U,12,512,2548000,2448000
Anhoch,"Lenovo IdeaPad Slim 3 Ryzen7 5825U 16GB/512GB/15.6"" FHD/Arctic Grey",Lenovo,Ryzen7 5825U,16,512,2498000,
Anhoch,"HP Pavilion 15 i5-1335U 8GB/512GB SSD/15.6"" FullHD IPS/Silver/DOS",Hp,I5 1335U,8,512,2898000,
Anhoch,"Lenovo IdeaPad Slim 3 i5-13420H 16GB/512GB SSD/15.3"" WUXGA IPS/No OS",Lenovo,I5 13420H,16,512,2698000,
Anhoch,"Lenovo IdeaPad Slim 3 Ryzen7 7730U 16GB/512GB/16"" WUXGA IPS/No OS",Lenovo,Ryzen7 7730U,16,512,2998000,
Anhoch,"HP 15s i3-1215U 8GB/512GB/15.6"" FHD AG/Intel UHD/GigaLAN/Type-C/DOS/Grey",Hp,I3 1215U,8,512,1798000,
Anhoch,"HP 15 Ryzen3 7320U/8GB/256GB/15.6"" FullHD IPS/DOS/Grey",Hp,Ryzen3 7320U,8,256,1698000,
Anhoch,"HP 15 i3-1315U 12GB/512GB/15.6"" FHD IPS/Intel UHD/Type-C/DOS/Silver",Hp,I3 1315U,12,512,2098000,1998000
Anhoch,"Acer Aspire 5 A515-58P-77RL i7-1355U/16GB/512GB/15.6"" FHD IPS/GigaLAN/Steel Gray/Linux",Acer,I7 1355U,16,512,3198000,2948000
Anhoch,"Lenovo LOQ Gaming Ryzen5 8645HS/16GB/512GB/RTX4050 6GB/15.6"" FullHD 144Hz/Backlit Kb/DOS",Lenovo,Ryzen5 8645Hs,16,512,5498000,
Anhoch,"Dell Latitude 5540 i5-1335U 8GB/512GB SSD/15.6"" FHD/FRP/BacklitKB/Ubu",Dell,I5 1335U,8,512,5198000,4798000
Anhoch,"HP 14 i5-1335U 12GB/512GB SSD/14"" FHD IPS AG 300nits/Diamond White",Hp,I5 1335U,12,512,2548000,2448000
Anhoch,"Lenovo IdeaPad Slim 3 i3-1305U 8GB/256GB SSD/15.6"" FullHD/DOS/UltraSlim/Gray",Lenovo,I3 1305U,8,256,1948000,
Anhoch,"HP 250 G10 i5-1335U 8GB/512GB/15.6"" FullHD AG/HDMI/USB-C/DOS",Hp,I5 1335U,8,512,2298000,
Anhoch,"Lenovo IdeaPad 1 Ryzen5 7520U/8GB/256GB SSD/15.6"" FHD/DOS",Lenovo,Ryzen5 7520U,8,256,1898000,1798000
Anhoch,"Lenovo IdeaPad Slim 3 i5-12450H 16GB/512GB SSD/15.6"" FHD/DOS/UltraSlim/Gray",Lenovo,I5 12450H,16,512,2448000,
Anhoch,"Lenovo ThinkBook 16 G7 Ultra 5 125U/32GB/1TB SSD/16"" WUXGA IPS/Backlit Kb/DOS",Lenovo,Ultra 5 125U,32,1024,5198000,4798000
Anhoch,"Lenovo IdeaPad Slim 3 Ryzen7 7730U/16GB/512GB SSD/15.6"" FHD AG 250nits/ArcticGrey",Lenovo,Ryzen7 7730U,16,512,2698000,
Anhoch,"Acer EX215-23-R3KW Ryzen5 7520U 8GB/512GB SSD/15.6"" FullHD/Cam/RJ45/Linux",Acer,Ryzen5 7520U,8,512,1988000,1848000
Anhoch,"Acer Nitro 5 Intel Core 5 210H/16GB/512GB/RTX 3050 6GB/15.6"" FHD IPS 165Hz Slim/Thunderbolt",Acer,I5,16,512,5298000,
Anhoch,"Acer Nitro 5 Intel Core 5 210H/16GB/512GB/RTX 4050 6GB/15.6"" FHD IPS 165Hz Slim/Thunderbolt",Acer,I5,16,512,5798000,
Anhoch,"Acer Nitro 5 Intel Core 7 240H/16GB/1TB/RTX 4050 6GB/15.6"" FHD IPS 165Hz Slim/Thunderbolt",Acer,I7,16,1024,6598000,
Anhoch,"Dell Vostro 3530 i7-1355U 16GB/512GB/Intel Iris XE/15.6"" FHD 120Hz/BacklitKB/4Cell/Ubuntu",Dell,I7 1355U,16,512,3698000,
Anhoch,"Lenovo LOQ Gaming Ryzen5 7235HS/24GB/512GB/RTX3050 6GB/15.6"" FHD 144Hz/Backlit Kb/DOS/Grey",Lenovo,Ryzen5 7235Hs,24,512,4398000,
Anhoch,"Lenovo LOQ Gaming i5-12450HX/16GB/512GB/RTX3050 6GB/15.6"" FHD IPS 144Hz/DOS",Lenovo,I5 12450Hx,16,512,4348000,
Anhoch,"Acer Nitro 5 i9-12900H/16GB/512GB SSD/RTX4060 8GB/15.6"" FHD 165Hz/RGB Kb/DOS",Acer,I9 12900H,16,512,7998000,7348000
Anhoch,"Dell Inspiron 3525 Ryzen7 5825U/16GB/512GB SSD/Vega8/15.6"" FHD 120Hz/Ubu",Dell,Ryzen7 5825U,16,512,2898000,2798000
Anhoch,"Dell Vostro 3530 i3-1305U/8GB/256GB/Intel Iris XE/15.6"" FHD 120Hz/BacklitKB/3Cell/Ubuntu",Dell,I3 1305U,8,256,2098000,1998000
Anhoch,"Dell Vostro 3530 i5-1334U 16GB/512GB/IntelUHD/15.6""FHD120Hz/BLKB/3Cell",Dell,I5 1334U,16,512,2598000,
Anhoch,"Lenovo IdeaPad Slim 3 Ryzen3 7320U/8GB/512GB SSD/15.6"" FHD/DOS",Lenovo,Ryzen3 7320U,8,512,1798000,
Anhoch,"Dell Inspiron 3535 Ryzen5 7520U 8GB/512GB/Radeon 610M/15.6"" FHD120Hz/BacklitKB/3Cell/Linux",Dell,Ryzen5 7520U,8,512,2148000,
Anhoch,"Dell Inspiron 3535 Ryzen5 7530U 16GB/512GB/Radeon 610M/15.6"" FHD120Hz/BacklitKB/3Cell/Linux",Dell,Ryzen5 7530U,16,512,2548000,
Anhoch,"Dell Inspiron 3535 Ryzen7 7730U 16GB/1TB/Radeon 610M15.6"" FHD120Hz/BacklitKB/3Cell/Linux",Dell,Ryzen7 7730U,16,1024,3078000,
Anhoch,"Acer Nitro Gaming ANV15-51 i5-13420H/16GB DDR5/512GB/RTX2050/15.6"" IPS 165Hz",Acer,I5 13420H,16,512,3748000,3598000
Anhoch,"Acer Extensa EX215-55 i5-1235U/16GB/512GB/15.6"" FHD/IrisXe/GigaLAN",Acer,I5 1235U,16,512,2298000,
Anhoch,"Dell Vostro 3520 i7-1255U 8GB/512GB/Intel Iris XE/15.6"" FHD 120Hz/BacklitKB/4Cell/Ubuntu",Dell,I7 1255U,8,512,3298000,
Anhoch,"Lenovo LOQ Gaming i7-13650HX/16GB/1TB/RTX 4060 8GB/15.6"" FullHD 144Hz/Backlit Kb/DOS/Grey",Lenovo,I7 13650Hx,16,1024,6798000,
Anhoch,"HP 14 Ryzen3 7320U 8GB/512GB SSD/14"" FHD IPS AG 250nits/DOS/Jet Black",Hp,Ryzen3 7320U,8,512,1898000,
Anhoch,"HP 15 Ryzen3 7320U/8GB/512GB/15.6"" FullHD IPS/DOS/Warm Gold",Hp,Ryzen3 7320U,8,512,1798000,
Anhoch,"HP 255 G10 Ryzen5 7530U 16GB/512GB/15.6"" FHD/BacklitKb/Silver",Hp,Ryzen5 7530U,16,512,2448000,2348000
Anhoch,"Asus Zenbook 14 Q415 Ultra 5 125H/8GB/512GB SSD/14"" WUXGA OLED Touch/Backlit KB/Win11/Gray",Asus,Ultra 5 125H,8,512,4498000,4198000
Anhoch,"Lenovo ThinkBook 16 G7 Ultra 7 155H/16GB/1TB SSD/16"" WUXGA IPS/Backlit Kb/DOS",Lenovo,Ultra 7 155H,16,1024,5498000,
Anhoch,"Lenovo ThinkBook 15 G4 Ryzen7 5825U/16GB/1TB/15.6"" FHD/Backlit KB/Dos",Lenovo,Ryzen7 5825U,16,1024,3998000,
Anhoch,"Lenovo IdeaPad Slim 3 i7-13620H 16GB/1TB SSD/15.3"" WUXGA IPS/No OS",Lenovo,I7 13620H,16,1024,3498000,
Anhoch,"Dell Vostro 5625 Ryzen5 5625U/8GB/256GB SSD/16"" FHD+/BacklitKB/Win11Pro",Dell,Ryzen5 5625U,8,256,3698000,
Anhoch,"Lenovo ThinkPad E16 Ryzen7 7735U/16GB/512GB SSD/16"" WUXGA IPS/KB Backlit/FP/Win11Pro",Lenovo,Ryzen7 7735U,16,512,5498000,
Anhoch,"HP 15 i5-1334U 16GB/512GB/15.6"" FHD IPS/Iris XE/Type-C/DOS/Diamond White",Hp,I5 1334U,16,512,2598000,
Anhoch,"HP Pavilion 15 Ryzen7 7730U 16GB/512GB SSD/15.6"" FullHD/DOS",Hp,Ryzen7 7730U,16,512,2798000,
Anhoch,"Lenovo Gaming 3 i5-12450H/16GB/512GB/RTX3060 6GB/15.6"" FHD 120Hz/Backlit Kb/DOS",Lenovo,I5 12450H,16,512,4698000,4598000
Anhoch,"Dell Vostro 3520 i3-1215U/8GB/256GB/Intel Iris XE/15.6"" FHD 120Hz/BacklitKB/3Cell/Ubuntu",Dell,I3 1215U,8,256,1798000,
Anhoch,"Lenovo IdeaPad Slim 3 i3-1305U 8GB/512GB SSD/15.6"" FullHD/DOS/UltraSlim/Abyss Blue",Lenovo,I3 1305U,8,512,1998000,
Anhoch,"Lenovo LOQ Gaming Ryzen5 7235HS/16GB/512GB/RTX3050 6GB/15.6"" FHD 144Hz/Backlit Kb/DOS/Grey",Lenovo,Ryzen5 7235Hs,16,512,4098000,
Anhoch,"Lenovo ThinkBook 16 G7 Ryzen7 7735HS/16GB/512GB SSD/16"" WUXGA/Backlit Kb/DOS",Lenovo,Ryzen7 7735Hs,16,512,4498000,
Anhoch,"Dell Vostro 3420 i5-1135G7 8GB/512GB/Intel Iris XE/14"" FullHD/BacklitKB/3Cell/Ubuntu",Dell,I5 1135G,8,512,3448000,
Anhoch,"Lenovo IdeaPad Slim 3 i7-13620H/16GB/512GB SSD/15.6"" FHD AG 250nits/Abyss Blue",Lenovo,I7 13620H,16,512,3198000,
Anhoch,"Lenovo Gaming 3 i5-12450H/8GB/512GB/RTX3060 6GB/15.6"" FHD 120Hz/Backlit Kb/DOS",Lenovo,I5 12450H,8,512,4598000,4398000
Anhoch,"Lenovo ThinkPad E14 Gen 6 Ultra 5 125U/16GB/512GB/14"" FHD IPS/BacklitKB/FP/DOS",Lenovo,Ultra 5 125U,16,512,5298000,
Anhoch,"Dell Latitude 3520 i7-1165G7 16GB/256GB SSD/15.6"" FHD/FRP/BacklitKB/Win11Pro",Dell,I7 1165G,16,256,4698000,
Anhoch,"HP Pavilion 15 i5-1335U 16GB/512GB SSD/15.6"" FullHD IPS/White/DOS",Hp,I5 1335U,16,512,3098000,
Anhoch,"HP Victus Gaming Ryzen7 8845HS/16GB/512GB SSD/RTX4070 8GB/16.1"" FHD IPS 144Hz/BacklitKb/W11",Hp,Ryzen7 8845Hs,16,512,7498000,
Anhoch,"HP Victus Gaming i7 13700H/16GB/512GB SSD/RTX 4060 8GB/15.6"" FHD IPS 144Hz/Backlit Kb/Blue",Hp,I7 13700H,16,512,7298000,6998000
Anhoch,"Lenovo IdeaPad Slim 3 Core 7 150U/16GB/512GB SSD/15.6"" FHD IPS 300nits/Arc.Grey",Lenovo,I7,16,512,4098000,
Anhoch,"HP 15 Ryzen3 7320U/8GB/512GB/15.6"" FullHD IPS/DOS/Diamond White",Hp,Ryzen3 7320U,8,512,1798000,
Anhoch,"Dell Vostro 3420 i7-1165G7 16GB/512GB/Intel Iris XE/14"" FullHD/BacklitKB/4Cell/DOS",Dell,I7 1165G,16,512,3998000,
Anhoch,"HP Envy 15 x360 Ryzen7 7730U/16GB/512GB SSD/15.6"" FHD Touch OLED/Backlit Kb/Win11",Hp,Ryzen7 7730U,16,512,5848000,
Anhoch,"Lenovo Gaming 3 i7-12650H 16GB/512GB/RTX3050 Ti 4GB/16"" FullHD AG 165Hz 350N/DOS",Lenovo,I7 12650H,16,512,5398000,5198000
Anhoch,"Lenovo ThinkPad E16 G2 Ultra 5 125U/16GB/512GB/16"" WUXGA IPS/Backlit KB/FP//Dos",Lenovo,Ultra 5 125U,16,512,6198000,5798000
Anhoch,"Lenovo LOQ Gaming i5-13450HX/16GB/512GB/RTX 4050 6GB/15.6"" FullHD 144Hz/Backlit Kb/DOS/Grey",Lenovo,I5 13450Hx,16,512,5398000,
Anhoch,"HP ProBook 455 G10 Ryzen5 7530U 8GB/512GB/15.6"" FullHD IPS/HDMI/USB-C/RJ45/DOS",Hp,Ryzen5 7530U,8,512,2898000,
Anhoch,"Acer NITRO AN515 i5-11400H 8GB/512GB SSD/RTX3050 4GB/15.6"" FUllHD IPS 144Hz/Linux/Black",Acer,I5 11400H,8,512,4198000,
Anhoch,"Dell Vostro 3520 i3-1215U/8GB/256GB/Intel Iris XE/15.6"" FHD 120Hz/BacklitKB/4Cell/Ubuntu",Dell,I3 1215U,8,256,1798000,
Anhoch,"Dell Vostro 3530 i7-1355U 8GB/512GB/Intel Iris XE/15.6"" FHD 120Hz/BacklitKB/4Cell/Ubuntu",Dell,I7 1355U,8,512,3498000,
Anhoch,"Lenovo IP3 Pentium7505 4GB/256GB/15.6"" FullHD/DOS/UltraSlim/Gray",Lenovo,Pentium7505,4,256,1348000,
Anhoch,"Lenovo IdeaPad 1 i3-1215U/8GB/512GB SSD/15.6"" FHD/DOS",Lenovo,I3 1215U,8,512,1798000,
Anhoch,"Lenovo IdeaPad Slim 3 Ryzen7 7730U/16GB/512GB SSD/15.6"" FHD IPS AG 250nits/Arc.Grey",Lenovo,Ryzen7 7730U,16,512,2798000,
Anhoch,"Gigabyte G6X 9KG Gaming i7-13650HX/16GB/1TB SSD/RTX4060 8GB/16.0"" FHD+/165Hz IPS/DOS",Gigabyte,I7 13650Hx,16,1024,6498000,6398000
Anhoch,"HP OmniBook X Snapdragon X Plus/16GB/512GB /14"" 2.2K Touch/Backlit Kb/Win11/Silver",Hp,Snapdragon X Plus,16,512,4698000,
Anhoch,"HP Envy 14 x360 2in1 Ultra 5 120U/8GB/512GB SSD/14"" FHD Touch/Backlit Kb/Win11/Silver",Hp,Ultra 5 120U,8,512,4498000,
Anhoch,"Dell Inspiron 7440 2in1 Ultra 5 120U/8GB/512GB SSD/14"" FHD Touch/Win11H/Ice Blue",Dell,Ultra 5 120U,8,512,4498000,
Anhoch,"HP Envy x360 2in1 Ultra 7 150U/16GB/512GB SSD/14"" FHD Touch/Backlit Kb/Win11",Hp,Ultra 7 150U,16,512,5498000,5098000
Anhoch,"HP 14 i5-1335U/16GB/512GB SSD/14"" FHD IPS AG 300nits/Silver",Hp,I5 1335U,16,512,2598000,
Anhoch,"Acer Aspire 3 A315-59-502V i5-1235U 8GB/512GB/15.6"" FullHD IPS /LAN/Silver/DOS",Acer,I5 1235U,8,512,2048000,1898000
Anhoch,"HP Victus Gaming Ryzen7 7840HS/16GB/1TB/RTX4050 6GB/16.1"" FHD IPS 144Hz/Backlit Kb/Blue/DOS",Hp,Ryzen7 7840Hs,16,1024,6398000,6198000
Anhoch,"Lenovo ThinkBook 16 G7 Ultra 5 125U/16GB/512GB SSD/16"" WUXGA IPS/Backlit Kb/DOS",Lenovo,Ultra 5 125U,16,512,4498000,
Anhoch,"HP OMEN Transcend i7-13700HX/16GB/512GB/RTX4060 8GB/16.0"" WUXGA IPS 165Hz/Backlit Kb/DOS",Hp,I7 13700Hx,16,512,9298000,
Anhoch,"Lenovo ThinkBook 16 G7 Ultra 7 155H/16GB/512GB SSD/16"" WUXGA IPS/Backlit Kb/DOS",Lenovo,Ultra 7 155H,16,512,5198000,
Anhoch,"Acer Nitro AN515 Ryzen7 6800H 32GB/1TB SSD/RTX 3070Ti 8GB/15.6"" FullHD IPS 165Hz/Linux",Acer,Ryzen7 6800H,32,1024,7448000,
Anhoch,"Acer Swift GO 14 Ultra 7 155H/32GB DDR5/1TB/14"" 2.8K OLED 120Hz/Thunderbolt",Acer,Ultra 7 155H,32,1024,7198000,
Anhoch,"Gigabyte A16 Gaming i7-13420H/16GB/512GB SSD/RTX 4050 6GB/16.0"" FHD+ 165Hz IPS/Type-C/DOS",Gigabyte,I7 13420H,16,512,5298000,
Anhoch,"Acer Nitro Ryzen7 6800H/8GB/512GB SSD/RTX 3050Ti 4GB/15.6"" FHD IPS 144Hz/Bkaclit Kb/Dos",Acer,Ryzen7 6800H,8,512,4798000,
Anhoch,"Dell Inspiron 3520 i7-1255U/16GB/512GB SSD/Intel Iris Xe/15.6"" FHD 120Hz/Ubu",Dell,I7 1255U,16,512,3498000,
Anhoch,"Dell Vostro 5625 Ryzen5 5625U 8GB/256GB SSD/16"" FHD+/BacklitKB/Win11Pro",Dell,Ryzen5 5625U,8,256,3698000,
Anhoch,"Acer Predator Helios NEO Gaming i9-14900HX/32GB DDR5/1TB SSD/16"" WQXGA 240Hz/RTX 4070 8GB",Acer,I9 14900Hx,32,1024,11998000,
Tehnomarket,"HP 250 G9 i3-1215U 8GB/512GB/15.6"" FHD AG/Intel UHD/GigaLAN/T",Hp,I3 1215U,8,512,19999,17980
Tehnomarket,"Lenovo IdeaPad Slim 3 Ryzen3 7320U/8GB/256GB SSD/15.6"" FHD/DO",Lenovo,Ryzen3 7320U,8,256,19999,17489
Tehnomarket,"HP 15s i3-1215U8GB/512GB/15.6""FHDAG/IntelUHD/GigaLAN/Type-C/DOS/GREY",Hp,I3 1215U,8,512,21299,18980
Tehnomarket,"LENOVO IP3 RYZEN3 3250U 4GB/256GB SSD/15.6"" FHD TN AG/DOS/ARCTIC GRAY",Lenovo,Ryzen3 3250U,4,256,21899,14991
Tehnomarket,"Acer Aspire 3 A315-59-502V i5-1235U 8GB/512GB/15.6"" FullHD IP",Acer,I5 1235U,8,512,21999,20499
Tehnomarket,"Dell Vostro 3520 i3-1215U/8GB/256GB/Intel Iris XE/15.6"" FHD 1",Dell,I3 1215U,8,256,22999,17591
Tehnomarket,"HP 15 Ryzen3 7320U/8GB/256GB/15.6"" FullHD IPS/DOS/Grey",Hp,Ryzen3 7320U,8,256,23499,17989
Tehnomarket,"HP 250 G9 I3-1215U 8GB/256GB/15.6"" FHD AG/IRIS XE/GIGALAN/TYPE-C/DOS/D",Hp,I3 1215U,8,256,24699,16991
Tehnomarket,"Lenovo IdeaPad Slim 3 i3-1305U 8GB/256GB SSD/15.6"" FullHD/DOS",Lenovo,I3 1305U,8,256,24999,20991
Tehnomarket,"Acer EX215-23-R3KW Ryzen5 7520U 8GB/512GB SSD/15.6"" FullHD/Ca",Acer,Ryzen5 7520U,8,512,26999,18991
Tehnomarket,"Dell Inspiron 3535 Ryzen5 7530U 16GB/512GB/Radeon 610M/15.6""",Dell,Ryzen5 7530U,16,512,27999,25499
Tehnomarket,"HP 255 G10 Ryzen5 7530U 16GB/512GB/15.6"" FHD/BacklitKb/Silver",Hp,Ryzen5 7530U,16,512,27999,24499
Tehnomarket,"Acer Aspire A315 Ryzen5 3500U 8GB/256GB SSD/GigaLAN/15.6"" Ful",Acer,Ryzen5 3500U,8,256,28499,17991
Tehnomarket,"HP 15 i5-1334U 16GB/512GB/15.6"" FHD IPS/Iris XE/Type-C/DOS/Si",Hp,I5 1334U,16,512,28999,27980
Tehnomarket,"LENOVO IDEAPAD 1 RYZEN5 7520U/8GB/512GB SSD/15.6"" FHD/DOS",Lenovo,Ryzen5 7520U,8,512,30699,19991
Tehnomarket,"Dell Inspiron 3525 Ryzen7 5825U/16GB/512GB SSD/Vega8/15.6"" FH",Dell,Ryzen7 5825U,16,512,30999,28999
Tehnomarket,"HP 250 G10 i5-1335U 8GB/512GB/15.6"" FullHD AG/HDMI/USB-C/DOS",Hp,I5 1335U,8,512,32999,25991
Tehnomarket,"Dell Inspiron 3535 Ryzen7 7730U 16GB/1TB/Radeon 610M15.6"" FHD",Dell,Ryzen7 7730U,16,1024,33999,30799
Tehnomarket,"Acer Aspire 5 A515-58P-77RL i7-1355U/16GB/512GB/15.6"" FHD IPS",Acer,I7 1355U,16,512,35999,32999
Tehnomarket,"Lenovo IP3 i7-1255U 16GB/512GB/15.6"" FullHD IPS/DOS/ArcticGray",Lenovo,I7 1255U,16,512,40599,32991
Tehnomarket,"Dell Vostro 3520 i7-1255U 16GB/512GB/Intel Iris XE/15.6"" FHD",Dell,I7 1255U,16,512,44999,39999
Tehnomarket,DELL Vostro 3510 i5-1135G7/MX350 2GB/15.6” FHD/8GB/SSD 512GB/BACKLIT/B,Dell,I5 1135G,2,512,48999,35991
Tehnomarket,"Lenovo Gaming 3 i5-12450H/16GB/512GB/RTX3060 6GB/15.6"" FHD 120Hz/Backl",Lenovo,I5 12450H,16,512,68499,59979
Tehnomarket,"Lenovo Gaming 3 Ryzen7 6800H 16GB/512GB/RTX3050Ti 4GB/15.6"" FullHD AG",Lenovo,Ryzen7 6800H,16,512,69539,52991
Tehnomarket,"LENOVO GAMING 3 I7-12650H 16GB/512GB/RTX3050 TI 4GB/16"" FULLHD AG 165H",Lenovo,I7 12650H,16,512,71599,64979
Tehnomarket,Apple Macbook Air 13.3: SPG/M1 8C CPU/7C GPU/8GB/256GB-ZEE,Apple,M1,8,256,72699,48999
Tehnomarket,"Lenovo Gaming 3 i7-12650H 16GB/512GB/RTX3060 6GB/15.6"" FullHD AG 120Hz",Lenovo,I7 12650H,16,512,74599,60991
Tehnomarket,Apple MBA 13.6: SKY BLUE/M4 10C CPU/8C GPU/16GB/256GB-ZEE,Apple,M4,16,256,75999,
Tehnomarket,Apple MBA 13.6: MIDNIGHT/M4 10C CPU/8C GPU/16GB/256GB-ZEE,Apple,M4,16,256,75999,
Tehnomarket,Apple MBA 13.6: STARLIGHT/M4 10C CPU/8C GPU/16GB/256GB-ZEE,Apple,M4,16,256,75999,
Tehnomarket,Apple MBA 13.6: SILVER/M4 10C CPU/8C GPU/16GB/256GB-ZEE,Apple,M4,16,256,75999,
Tehnomarket,"MSI Cyborg 15 i7-12650H/8GB/512GB SSD/RTX 4060 8GB/15.6"" FHD",Msi,I7 12650H,8,512,81999,59991
Gjirafa50,"ASUS TUF Gaming A16 FA607NU-R5085W, 16"", AMD Ryzen 5 7535HS, 8GB RAM, 512GB SSD, NVIDIA GeForce RTX 4050, Windows 11 Home",Asus,Ryzen 5 7535Hs,8,512,64290,63590
Gjirafa50,"Asus TUF Gaming A15 FA507NVR, 15,6"", AMD Ryzen 7 7435HS, 16GB RAM, 512GB SSD, GeForce RTX 4060, ????",Asus,Ryzen 7 7435Hs,16,512,73590,58990
Gjirafa50,"ASUS V16 V3607VU, 16"", Intel Core 5 210H, 16GB RAM, 512GB SSD, NVIDIA GeForce RTX 4050",Asus,I5,16,512,64190,
Gjirafa50,"Gigabyte G6X 9KG 2024, 16"", Intel Core i7-13650HX, 165Hz, 16GB RAM, 1TB SSD, NVIDIA GeForce RTX 4060",Gigabyte,Ii7 13650Hx,16,1024,65390,58990
Gjirafa50,"Lenovo LOQ 15IAX9E, 15,6"", Intel Core i5 i5-12450HX, 16GB RAM, 512GB SSD, NVIDIA GeForce RTX 2050",Lenovo,Ii5,16,512,44590,43790
Gjirafa50,"MSI Thin A15 B7VF-460XPL, 15,6"", AMD Ryzen 7 7735HS, 16GB DDR5-SDRAM, 512GB SSD, NVIDIA GeForce RTX 4060, ????",Msi,Ryzen 7 7735Hs,16,512,64733,60990
Gjirafa50,"Lenovo LOQ 15ARP9, 15.6"", Ryzen 5 7235HS",Lenovo,Ryzen 5 7235Hs,,,58290,49990
Gjirafa50,"Lenovo LOQ 15ARP9, AMD Ryzen 7 7435HS, 24GB RAM, 512GB SSD, NVIDIA RTX 4060, i hirtë",Lenovo,Ryzen 7 7435Hs,24,512,95090,83990
Gjirafa50,"MSI Katana 15 B13VFK-1437XPL, 15.6"", Intel Core i7-13620H, 32GB RAM, 1TB SSD, NVIDIA GeForce RTX 4060, ????",Msi,Ii7 13620H,32,1024,84590,63990
Gjirafa50,"MSI Katana 17 B13VEK-1464XCZ, 17.3"", Intel Core i5-13420H, 16GB RAM, 1TB SSD, NVIDIA GeForce RTX 4050 Graphics, ???? ????",Msi,Ii5 13420H,16,1024,70590,64590
Gjirafa50,"HP OMEN 16-wd0004nw, 16.1"", Intel Core i7-13620H, 144Hz, 16GB RAM, 512GB SSD, NVIDIA GeForce RTX 4060",Hp,Ii7 13620H,16,512,81190,81090
Gjirafa50,"Gigabyte Aorus 16X 9KG 2024, Intel Core i7-13650HX, 32GB RAM, 1TB SSD, NVIDIA GeForce RTX 4060",Gigabyte,Ii7 13650Hx,32,1024,85490,82790
Gjirafa50,"MSI Cyborg 15 A13VE-1613XPL, 15.6"", Intel Core i5-13420H, 16GB RAM, 512GB SSD, NVIDIA GeForce RTX 4050, i zi",Msi,Ii5 13420H,16,512,62390,54990
Gjirafa50,"Acer Nitro V 15 ANV15-41, 15.6"", AMD Ryzen 5 6600H, 16GB RAM, 512GB SSD, NVIDIA GeForce RTX 2050, i zi",Acer,Ryzen 5 6600H,16,512,44790,32990
Gjirafa50,"Lenovo LOQ AMD, 15.6"" Full HD, 144 Hz, AMD Ryzen 7 7435HS, 16 GB RAM, 1TB SSD, NVIDIA GeForce RTX 4070",Lenovo,Ryzen 7 7435Hs,16,1024,90990,89990
Gjirafa50,"Lenovo Legion Pro, 16"", Intel i5-14500HX, 32 GB RAM, 1 TB SSD, NVIDIA GeForce RTX 4060, ???? ????",Lenovo,Intel I5 14500Hx,32,1024,115190,
Gjirafa50,"MSI Katana 15 B13VGK, 15,6"", FHD, Intel i7-13620H, 16GB RAM, 1TB SSD, NVIDIA RTX 4070, ???",Msi,Intel I7 13620H,16,1024,91839,86690
Gjirafa50,"MSI Cyborg 15 A13VE-1067XPL, 15,6"", Intel Core i7-13620H, 16GB DDR5-SDRAM, 512GB SSD, NVIDIA GeForce RTX 4050, ????",Msi,Ii7 13620H,16,512,67390,
Gjirafa50,"ASUS NTB ROG Strix G16 16"", QHD+, Intel® Core™ i7-13650HX, 16 GB RAM, 1TB SSD, NVIDIA GeForce RTX 4060,???? ????",Asus,Ii7 13650Hx,16,1024,101690,
Gjirafa50,"Lenovo LOQ 15IAX9, 15,6"", FHD, Intel i5-12450HX, 24GB RAM, SSD 512GB, RTX 4060 8GB, ???",Lenovo,Intel I5 12450Hx,24,512,76790,
Gjirafa50,"MSI Katana A17, 17.3'', QHD, AMD Ryzen 9, NVIDIA GeForce RTX 4060, 32GB RAM, 1TB SSD, i zi",Msi,Ryzen 9,32,1024,104490,
Gjirafa50,"ASUS NTB ROG Flow X16, 16'', QHD+, i9-13900H, NVIDIA GeForce RTX 4060, 32GB RAM, 1TB SSD, ???",Asus,I9 13900H,32,1024,142090,
Gjirafa50,"MSI Stealth A16 AI+ A3XVFG-070CZ, 16"", QHD+, AMD Ryzen AI 9 HX 370, NVIDIA GeForce RTX 4060, 32GB RAM, 1TB SSD, i zi",Msi,Ryzen Ai 9 Hx370,32,1024,158990,148490
Gjirafa50,"Lenovo LOQ 15IAX9, 15.6"", FHD, Intel Core i5-12450HX, NVIDIA GeForce 3050, 24GB RAM, 512GB SSD, i hirtë",Lenovo,Ii5 12450Hx,24,512,55190,
Gjirafa50,"Lenovo Legion 7, 16"", 3K, Intel Core i9-14900HX, 32GB RAM, 1TB SSD, NVIDIA GeForce RTX 4070 8 GB, ???? ????",Lenovo,Ii9 14900Hx,32,1024,160090,
Gjirafa50,"Asus ASUS ProArt PX13 OLED, Ryzen AI 9 HX 370, 32GB LPDDR5X , 1TB SSD, W11Pro, RTX 4060, ???? ????",Asus,Ryzen Ai 9 Hx370,32,1024,162790,139990
Gjirafa50,"MSI Katana 17, 17"", FHD, Intel i7-13620H, NVIDIA GeForce RTX 4050, 16GB RAM, 1TB SSD, ???",Msi,Intel I7 13620H,16,1024,79890,74990
Gjirafa50,"Lenovo LOQ 15ARP9, 15.6"", AMD Ryzen 7 7435HS, 16 GB RAM, 512 GB SSD, NVIDIA GeForce RTX 4060, ???? ????",Lenovo,Ryzen 7 7435Hs,16,512,70939,56990
Gjirafa50,"Gigabyte Aorus 15X ASF, Intel Core i7-13650HX, 16GB RAM, 1TB SSD, NVIDIA GeForce RTX 4070,????? ???? ????",Gigabyte,Ii7 13650Hx,16,1024,94290,78990
Gjirafa50,"Lenovo LOQ 15ARP9, 15.6"", AMD Ryzen 7 7435HS, 16GB RAM, 512GB SSD, NVIDIA GeForce RTX 4070, i hirtë",Lenovo,Ryzen 7 7435Hs,16,512,96789,69990
Gjirafa50,"Lenovo IdeaPad Gaming 15.6"", Full HD AMD Ryzen 5 5500H, 16 GB RAM, 512 GB SSD, NVIDIA GeForce RTX 2050, ???? ????",Lenovo,Ryzen 5 5500H,16,512,45990,37990
Gjirafa50,"Gigabyte Aorus 16X 9KG (2024), 16"", Intel Core i7-13650HX, 16GB RAM, 1TB SSD, NVIDIA GeForce RTX 4060, i hirtë i errët",Gigabyte,Ii7 13650Hx,16,1024,89190,
Gjirafa50,"HP ZBook Firefly, 14"", Intel i7-1365U, 16 GB RAM, 1 TB SSD, NVIDIA RTX A500, i argjendtë",Hp,Intel I7 1365U,16,1024,117590,113990
Gjirafa50,"HP ZBook Firefly, 14"", Intel i7-1365U, 16 GB RAM, 1 TB SSD, NVIDIA RTX A500, i argjendtë",Hp,Intel I7 1365U,16,1024,104049,101990
Gjirafa50,"HP ZBook Firefly, 14"", Intel i7-1355U, 16 GB RAM, 1 TB SSD, NVIDIA RTX A500, i argjendtë",Hp,Intel I7 1355U,16,1024,100529,95590
Gjirafa50,"MSI Thin 15 B12VE-1817XPL, 15,6"", Intel Core i5-12450H, 16GB RAM, 512GB SSD, NVIDIA GeForce RTX 4050, ????",Msi,Ii5 12450H,16,512,54390,
Gjirafa50,"MSI Thin 15 B12VE-1817XPL,15.6"", Intel i5-12450H, 16 GB RAM, 512 GB SSD, RTX 4050",Msi,Intel I5 12450H,16,512,60590,44990
Gjirafa50,"Razer Blade 17, 17.3"", Intel  Core i7-12800HX, 16GB RAM, 1TB SSD, Nvidia GeForce RTX 3060",Razer,Ii7 12800Hx,16,1024,232390,209990
Gjirafa50,"Dream Machines RG3050-15PL52, 15.6"", Intel Core i5-13500H, 32GB RAM, 1TB SSD, Nvidia GeForce RTX 3050",Dream,Ii5 13500H,32,1024,64733,52990
Gjirafa50,"Dream Machines RG3050-15PL50, 15.6"", Intel Core i5-13500H, 16GB RAM, 500GB SSD, Nvidia GeForce RTX 3050",Dream,Ii5 13500H,16,500,61168,48990
Gjirafa50,"HP ZBook Firefly G10, 14"", Intel Core i7-1365U, 16GB RAM, 1TB SSD, Nvidia Quadro RTX A500",Hp,Ii7 1365U,16,1024,112299,105990
Gjirafa50,"Microsoft Surface ?????? Studio 2, 14.4"", Intel Core i7, 32GB RAM, 1TB SSD, Nvidia GeForce RTX 4050",Microsoft,Ii7,32,1024,229729,199990
Gjirafa50,"MSI Katana 17 B12UCRK-1054PL, 17.3"", Intel Core 5-12450H, 16GB RAM, 512GB SSD, Nvidia RTX 3050",Msi,I5,16,512,66390,50990
Gjirafa50,"XPS 14 9440, 14.5"", Intel Core Ultra 7 155H, 16GB RAM, 1TB SSD, Nvidia GeForce RTX 4050",Xps,Iultra 7 155H,16,1024,204490,179990
Gjirafa50,"Dell XPS 16, 16.3"", Intel Core Ultra 7 155H, 32GB RAM, 1TB SSD, Nvidia GeForce RTX 4060",Dell,Iultra 7 155H,32,1024,235990,209990
Gjirafa50,"LOQ 15IAX9, 15.6"", Intel Core 5-12450HX, 16GB RAM, 512GB SSD, Nvidia RTX 3050",Lenovo,I5,16,512,65653,52990
Gjirafa50,"LOQ 15IAX9, 15.6"", Intel Core 5-12450HX, 32GB RAM, 1TB SSD, Nvidia RTX 3050",Lenovo,I5,32,1024,70609,58990
Gjirafa50,"Lenovo LOQ 15IAX9, 15.6"", Intel Core i5-12450HX, 16GB RAM, 1TB SSD, Nvidia RTX 3050",Lenovo,Ii5 12450Hx,16,1024,59443,48990
Gjirafa50,"LOQ 15IAX9, 15.6"", Intel Core 5-12450HX, 32GB RAM, 512GB SSD, Nvidia RTX 3050",Lenovo,I5,32,512,60133,48990
Gjirafa50,"LOQ 15IAX9, 15.6"", Intel Core 5-12450HX, 16GB RAM, 1TB SSD, Nvidia RTX 4050",Lenovo,I5,16,1024,73359,66690
Gjirafa50,"LOQ 15IAX9, 15"", Intel Core 5-12450HX, 32GB RAM, 1TB SSD, Nvidia RTX 4050",Lenovo,I5,32,1024,77209,72390
Gjirafa50,"LOQ 15IAX9, 15"", Intel Core 5-12450HX, 32GB RAM, 512GB SSD, Nvidia RTX 4050",Lenovo,I5,32,512,73359,66690
Gjirafa50,"MSI Thin 15, 15"", i5-12450H, 16GB RAM, 512GB SSD, Nvidia RTX 3050",Msi,I5 12450H,16,512,54290,42990
Gjirafa50,"ThinkBook 16p G5, 16"", i9-14900HX, 32GB RAM, 1TB SSD, Nvidia RTX 4060",Lenovo,I9 14900Hx,32,1024,189490,188390
Gjirafa50,"LOQ 15IAX9, 15.6"", i5-12450HX, 16GB RAM, 512GB SSD, Nvidia RTX 3050",Lenovo,I5 12450Hx,16,512,68068,41990
Gjirafa50,"LOQ 15IAX9, 15.6"", i5-12450HX, 16GB RAM, 512GB SSD, Nvidia RTX 3050",Lenovo,I5 12450Hx,16,512,58523,46990
Gjirafa50,"LOQ 15IAX9, 15"", i5-12450HX, 16GB RAM, 1TB SSD, Nvidia RTX 4060",Lenovo,I5 12450Hx,16,1024,78859,65990
Gjirafa50,"LOQ 15IAX9, 15.6"", i5-12450HX, 16GB RAM, 512GB SSD, Nvidia RTX 4050",Lenovo,I5 12450Hx,16,512,64590,51990
Gjirafa50,"LOQ 15IAX9, 15.6"", i5-12450HX, 16GB RAM, 1TB SSD, Nvidia RTX 4050",Lenovo,I5 12450Hx,16,1024,63353,49990
Gjirafa50,"Lenovo Yoga Pro 9 16IMH9, 16"", Intel Core Ultra 7 155H, 16GB RAM, 512GB SSD, NVIDIA RTX 4060, gri",Lenovo,Iultra 7 155H,16,512,116369,99990
Gjirafa50,"HP ZBook Firefly G11, 14"", Intel Core Ultra 5 135H, 16GB RAM, 1TB SSD, Nvidia RTX A500",Hp,Iultra 5 135H,16,1024,122749,99990
Gjirafa50,"Acer Nitro V 15, 15.6"", i5-13420H, 16GB RAM, 1TB SSD, Nvidia RTX 4050",Acer,I5 13420H,16,1024,72039,57990
Gjirafa50,"DELL Precision 3490, 14"", Intel Core Ultra 7 155H, 32GB RAM, 1TB SSD, Nvidia RTX 500 Ada",Dell,Iultra 7 155H,32,1024,139790,119990
Gjirafa50,"Acer Nitro V 15 ANV15-41, 15.6"", Ryzen 7-7735HS, 32GB RAM, 1TB SSD, Nvidia RTX 4060",Acer,Ryzen 7 7735Hs,32,1024,91890,78990
Gjirafa50,"DELL Precision 5690, 16"", CPU Core Ultra u7-165H, 32GB RAM, 1TB SSD, Nvidia RTX 1000 Ada",Dell,Iultra U7 165H,32,1024,237990,209990
Gjirafa50,"MSI Katana 17 B12UCRK-1054PL, 17.3"", Intel Core i5-12450H, 16GB RAM, 1TB SSD, NVIDIA GeForce RTX 3050",Msi,Ii5 12450H,16,1024,70490,67190
Gjirafa50,"HP Victus 15-fa1151nw, 15.6"", Intel® Core™ i5-13420H, 16GB RAM, 1TB SSD, NVIDIA GeForce RTX 4050",Hp,Ii5 13420H,16,1024,68183,54990
Gjirafa50,"TUF Gaming A15, 15.6"", AMD Ryzen 5 7535HS, 16GB RAM, 512GB SSD, NVIDIA GeForce RTX 3050",Tuf,Ryzen 5 7535Hs,16,512,52990,52690
Gjirafa50,"HP ZBook Power G11, 15.6"", Intel Core i7-155H, 32GB RAM, 1TB SSD, NVIDIA GeForce RTX A2000",Hp,Ii7 155H,32,1024,181599,173390
Gjirafa50,"HP ZBook Firefly 16 G11, 16"", Intel Core Ultra 5 135H, 32GB RAM, 1TB SSD, NVIDIA GeForce RTX A500",Hp,Iultra 5 135H,32,1024,133199,126990
Gjirafa50,"Dell Inspiron 5630, 16.0"", Intel Core i7-1360P, 16GB RAM, 1TB SSD, Nvidia GeForce RTX 2050",Dell,Ii7 1360P,16,1024,90890,75990
Gjirafa50,"ASUS TUF Gaming A15, 15.6"", AMD Ryzen 5 7535HS, 32GB RAM, 512GB SSD, NVIDIA GeForce RTX 3050",Asus,Ryzen 5 7535Hs,32,512,56890,55790
Gjirafa50,"ASUS TUF Gaming A15, 15.6"", AMD Ryzen 5 7535HS, 32GB RAM, 512GB SSD, NVIDIA GeForce RTX 3050, Windows 11 Pro",Asus,Ryzen 5 7535Hs,32,512,70190,61990
Gjirafa50,"ASUS TUF Gaming A15, 15.6"", AMD Ryzen 5 7535HS, 32GB RAM, 512GB SSD, NVIDIA GeForce RTX 3050, Windows 11 Home",Asus,Ryzen 5 7535Hs,32,512,67990,58990
Gjirafa50,"ASUS TUF Gaming A15, 15.6"", AMD Ryzen 5 7535HS, 16GB RAM, 512GB SSD, NVIDIA GeForce RTX 3050",Asus,Ryzen 5 7535Hs,16,512,64190,56990
Gjirafa50,"MSI Katana 17 B12VEK-1034XPL, 17"", Intel Core i5, 16GB RAM, 512GB SSD, NVIDIA GeForce RTX 4050",Msi,Ii5,16,512,78990,75390
Gjirafa50,"MSI Katana 17 B12VEK-1034XPL, 17"", Intel Core i5, 16GB RAM, 1TB SSD, NVIDIA GeForce RTX 4050",Msi,Ii5,16,1024,81090,76090
Gjirafa50,"MSI Katana 17 B12VEK-1034XPL, 17"", Intel Core i5, 32GB RAM, 1TB SSD, NVIDIA GeForce RTX 4050",Msi,Ii5,32,1024,86090,81990
Gjirafa50,"MSI Katana 17 B12VEK-1034XPL, 17"", Intel Core i5, 32GB RAM, 512GB SSD, NVIDIA GeForce RTX 4050",Msi,Ii5,32,512,83690,76190
Gjirafa50,"MSI Katana 17 B12VEK-1034XPL, 17"", Intel Core i5, 16GB RAM, 512GB SSD, NVIDIA GeForce RTX 4050",Msi,Ii5,16,512,76190,72690
Gjirafa50,"Lenovo LOQ 15IAX9, 15"", Intel Core i5-12450HX, 32GB RAM, 1TB SSD, NVIDIA GeForce RTX 4050",Lenovo,Ii5 12450Hx,32,1024,87329,68990
Gjirafa50,"Lenovo LOQ 15IAX9, 15"", Intel Core i5-12450HX, 32GB RAM, 512GB SSD, NVIDIA GeForce RTX 4050",Lenovo,Ii5 12450Hx,32,512,73909,67190
Gjirafa50,"Lenovo LOQ 15ARP9, 15.6"", AMD Ryzen 5 7235HS, 16GB RAM, 512GB SSD, NVIDIA GeForce RTX 3050, Windows 11 Home",Lenovo,Ryzen 5 7235Hs,16,512,62088,48990
Gjirafa50,"Lenovo LOQ 15ARP9, 15.6"", AMD Ryzen 5 7235HS, 16GB RAM, 1TB SSD, NVIDIA GeForce RTX 3050, Windows 11 Home",Lenovo,Ryzen 5 7235Hs,16,1024,67378,58590
Gjirafa50,"Lenovo LOQ 15ARP9, 15.6"", AMD Ryzen 5 7235HS, 32GB RAM, 1TB SSD, NVIDIA GeForce RTX 3050, Windows 11 Home",Lenovo,Ryzen 5 7235Hs,32,1024,67969,61790
Gjirafa50,"Lenovo LOQ 15ARP9, 15.6"", AMD Ryzen 5 7235HS, 16GB RAM, 512GB + 1TB SSD, NVIDIA GeForce RTX 3050",Lenovo,Ryzen 5 7235Hs,16,1536,69218,60190
Gjirafa50,"Lenovo LOQ 15ARP9, 15.6"", AMD Ryzen 5 7235HS, 32GB RAM, 512GB SSD, NVIDIA GeForce RTX 3050",Lenovo,Ryzen 5 7235Hs,32,512,67378,58590
Gjirafa50,"Lenovo LOQ 15ARP9, 15.6"", AMD Ryzen 5 7235HS, 16GB RAM, 1TB SSD, NVIDIA GeForce RTX 3050",Lenovo,Ryzen 5 7235Hs,16,1024,58063,50490
Gjirafa50,"Lenovo LOQ 15ARP9, 15"", AMD Ryzen 5 7235HS, 32GB RAM, 512GB + 1TB SSD, NVIDIA GeForce RTX 3050",Lenovo,Ryzen 5 7235Hs,32,1536,63583,46990
Gjirafa50,"Lenovo LOQ 15ARP9, 15"", AMD Ryzen 5 7235HS, 32GB RAM, 512GB SSD, NVIDIA GeForce RTX 3050",Lenovo,Ryzen 5 7235Hs,32,512,58063,43990
Gjirafa50,"Lenovo Legion 5 16IRX9, 16"", Intel Core i5-13450HX, 16GB RAM, 512GB SSD, NVIDIA GeForce RTX 4060",Lenovo,Ii5 13450Hx,16,512,97559,88690
Gjirafa50,"Lenovo Legion 5 16IRX9, 16"", Intel Core i5-13450HX, 16GB RAM, 1TB SSD, NVIDIA GeForce RTX 4060, Windows 11 Home",Lenovo,Ii5 13450Hx,16,1024,101409,92190
Gjirafa50,"Lenovo Legion 5 16IRX9, 16"", Intel Core i5-13450HX, 32GB RAM, 1TB SSD, NVIDIA GeForce RTX 4060, Windows 11 Home",Lenovo,Ii5 13450Hx,32,1024,104489,94990
Gjirafa50,"Lenovo Legion 5 16IRX9, 16"", Intel Core i5-13450HX, 16GB RAM, 512GB + 1TB SSD, NVIDIA GeForce RTX 4060, Windows 11 Home",Lenovo,Ii5 13450Hx,16,1536,102069,92790
Gjirafa50,"Lenovo Legion 5 16IRX9, 16"", Intel Core i5-13450HX, 32GB RAM, 512GB + 1TB SSD, NVIDIA GeForce RTX 4060, Windows 11 Home",Lenovo,Ii5 13450Hx,32,1536,105589,95990
Gjirafa50,"Lenovo Legion Slim 5 16AHP9, 16"", AMD Ryzen 7 8845HS, 32GB RAM, 1TB SSD, NVIDIA GeForce RTX 4060",Hp,Ryzen 7 8845Hs,32,1024,112890,93990
Gjirafa50,"Lenovo Legion Slim 5 16AHP9, 16"", AMD Ryzen 7 8845HS, 64GB RAM, 1TB SSD, NVIDIA GeForce RTX 4060, Windows 11 Home",Hp,Ryzen 7 8845Hs,64,1024,117799,97990
Gjirafa50,"Lenovo Legion Slim 5 16AHP9, 16"", AMD Ryzen 7 8845HS, 64GB RAM, 1TB SSD, NVIDIA GeForce RTX 4060",Hp,Ryzen 7 8845Hs,64,1024,108790,89990
Gjirafa50,"Lenovo Legion Slim 5 16AHP9, 16"", AMD Ryzen 7 8845HS, 64GB RAM, 1TB + 1TB SSD, NVIDIA GeForce RTX 4070",Hp,Ryzen 7 8845Hs,64,1024,151290,129990
Gjirafa50,"MSI Katana 17 B12VEK-1034XPL, 17"", Intel Core i5-12450H, 16GB RAM, 512GB SSD, NVIDIA GeForce RTX 4050",Msi,Ii5 12450H,16,512,68959,53990
Gjirafa50,"Lenovo Legion 5 16IRX9, 16"", Intel Core i5-13450HX, 16GB RAM, 512GB SSD, NVIDIA GeForce RTX 4060",Lenovo,Ii5 13450Hx,16,512,92609,81990
Gjirafa50,"Lenovo Legion 5 16IRX9, 16"", Intel Core i7-13650HX, 16GB RAM, 512GB SSD, NVIDIA GeForce RTX 4060",Lenovo,Ii7 13650Hx,16,512,94809,80990
Gjirafa50,"Lenovo Legion Pro 5 16IRX9, 16"", Intel Core i5-14500HX, 32GB RAM, 1TB SSD, NVIDIA GeForce RTX 4060",Lenovo,Ii5 14500Hx,32,1024,107190,86990
Gjirafa50,"Lenovo Legion Pro 5 16IRX9, 16"", Intel Core i5-14500HX, 32GB RAM, 1TB SSD, NVIDIA GeForce RTX 4060",Lenovo,Ii5 14500Hx,32,1024,119690,98990
Gjirafa50,"Lenovo Legion Slim 5 16AHP9, 16"", AMD Ryzen 7 8845HS, 32GB RAM, 1TB SSD, NVIDIA GeForce RTX 4060",Hp,Ryzen 7 8845Hs,32,1024,102090,83990
Gjirafa50,"Lenovo Legion Slim 5 16AHP9, 16"", AMD Ryzen 7 8845HS, 32GB RAM, 1TB SSD, NVIDIA GeForce RTX 4070",Hp,Ryzen 7 8845Hs,32,1024,129239,119990
Gjirafa50,"Lenovo Legion Slim 5 16ARP9, 16"", AMD Ryzen 7 7435HS, 16GB RAM, 512GB SSD, NVIDIA GeForce RTX 4060",Lenovo,Ryzen 7 7435Hs,16,512,94479,76990
Gjirafa50,"Lenovo LOQ 15ARP9, 15.6"", AMD Ryzen 5 7235HS, 16GB RAM, 512GB SSD, NVIDIA GeForce RTX 3050",Lenovo,Ryzen 5 7235Hs,16,512,54958,38990
Gjirafa50,"Lenovo TB 16P G4, 16"", Intel Core i7-14650HX, 16GB RAM, 512GB SSD, NVIDIA GeForce RTX 4060",Lenovo,Ii7 14650Hx,16,512,155890,139990
Gjirafa50,"Dell Precision 5690, 16"", Intel Core Ultra 7 165H, 16GB RAM, 1TB SSD, NVIDIA GeForce RTX 1000 Ada",Dell,Iultra 7 165H,16,1024,226684,199990
Gjirafa50,"Lenovo LOQ Intel Core 5-12450HX, 15.6"", CPU, 24GB RAM, 1TB SSD, Nvidia RTX4060 8GB",Lenovo,I5,24,1024,85239,68990
Gjirafa50,"Gigabyte G6 KF, 16"", Intel Core i7-13620H, 16GB RAM, 1TB SSD, Nvidia GeForce RTX 4060",Gigabyte,Ii7 13620H,16,1024,69619,53990
Gjirafa50,"MSI Thin 15 B12UCX-1818XPL, 15"", Intel Core i5-12450H, 16GB RAM, 512GB SSD, NVIDIA GeForce RTX 2050, ????? ???? ????",Msi,Ii5 12450H,16,512,48490,36990
Gjirafa50,"Lenovo IdeaPad Gaming, 15.6"", AMD Ryzen 5 5500H, 16 GB RAM, 512 GB SSD, NVIDIA GeForce RTX 2050, ???",Lenovo,Ryzen 5 5500H,16,512,49690,
Gjirafa50,"Lenovo LOQ Intel, 15.6"", Intel i5-12450HX, 16 GB RAM, 1 TB SSD, NVIDIA GeForce RTX 4050, ???",Lenovo,Intel I5 12450Hx,16,1024,62990,60590
Gjirafa50,"Lenovo LOQ Intel, 15.6"", Intel i5-12450HX, 16 GB RAM, 512 GB SSD, NVIDIA GeForce RTX 4050, ???",Lenovo,Intel I5 12450Hx,16,512,75339,68790
Gjirafa50,"Lenovo LOQ Intel, 15.6"", Intel i5-12450HX, 16 GB RAM, 512 GB SSD, NVIDIA GeForce RTX 4050, ???",Lenovo,Intel I5 12450Hx,16,512,58090,
Gjirafa50,"Lenovo Yoga Pro, 16"", Intel 155H, 16 GB RAM, 512 GB SSD, NVIDIA GeForce RTX 4060, ???",Lenovo,Intel 1,16,512,115159,111690
Gjirafa50,"MSI Thin 15, 15.6"", Intel i5-12450H, 16 GB RAM, 512 GB SSD, NVIDIA GeForce RTX 3050, ???",Msi,Intel I5 12450H,16,512,49790,48690
Gjirafa50,"Lenovo LOQ Intel, 15.6"", Intel i5-12450HX, 16 GB RAM, 1 TB SSD, NVIDIA GeForce RTX 4060, ???",Lenovo,Intel I5 12450Hx,16,1024,79849,76690
Neptun,LENOVO IdeaPad 1 15IJL7 N4500/8GB/512GB,Lenovo,,8,512,14999,
Neptun,ASUS Vivobook 15 X1502ZA-BQ312 i3-1215U/8GB/256GB,Asus,I3 1215U,8,256,27999,17999
Neptun,ASUS Vivobook 15 X1504VA-BQ322 i3-1315U/8GB/512GB,Asus,I3 1315U,8,512,27999,19499
Neptun,LENOVO IdeaPad 1 15AMN7 R3-7320U/16GB DDR5/512GB,Lenovo,R3 7320U,16,512,20999,19599
Neptun,HP 250 G10 i3-1315U/8GB/512GB AK9P6AT,Hp,I3 1315U,8,512,19999,
Neptun,ASUS Vivobook 15 X1504VA-NJ732 i3-1315U/8GB/512GB,Asus,I3 1315U,8,512,26999,19999
Neptun,ASUS Vivobook Go 15 E1504FA-NJ1017 R3-7320U/16GB DDR5/512GB,Asus,R3 7320U,16,512,21999,20799
Neptun,ASUS Vivobook Go 15 E1504FA-BQ511 R5-7520U/8GB DDR5/512GB,Asus,R5 7520U,8,512,27999,20999
Neptun,ASUS Vivobook Go 15 E1504FA-NJ330W R3-7320U/8GB DDR5/512GB/WIN11,Asus,R3 7320U,8,512,26999,21999
Neptun,"DELL Vostro 3530 15.6"" 120Hz/i3-1305U/16GB/512GB",Dell,I3 1305U,16,512,22499,
Neptun,LENOVO IdeaPad 1 15ALC7 R5-5625U/16GB/512GB,Lenovo,R5 5625U,16,512,22999,
Neptun,ASUS Vivobook Go 15 E1504FA-NJ1534 R3-7320U/16GB DDR5/512GB,Asus,R3 7320U,16,512,23999,22999
Neptun,ASUS Vivobook 15 X1504VA-NJ799 i3-1315U/16GB/512GB,Asus,I3 1315U,16,512,23999,22999
Neptun,ASUS Vivobook 15 X1504VA-NJ1144 i3-1315U/16GB/512GB,Asus,I3 1315U,16,512,24999,22999
Neptun,ACER Extensa 15 EX215-23-R6VX R5-7520U/16GB DDR5/512GB,Acer,R5 7520U,16,512,25999,23899
Neptun,ACER Aspire 3 A315-44P-R8YE R5-5500U/16GB/512GB,Acer,R5 5500U,16,512,23999,
Neptun,LENOVO IdeaPad 1 15AMN7 R5-7520U/16GB DDR5/512GB,Lenovo,R5 7520U,16,512,23999,
Neptun,ASUS Vivobook 15 X1504ZA-NJ864W i3-1215U/8GB/512GB/WIN11,Asus,I3 1215U,8,512,25999,23999
Neptun,ASUS Vivobook Go 15 E1504FA-NJ318 R5-7520U/16GB DDR5/512GB,Asus,R5 7520U,16,512,25999,23999
Neptun,LENOVO IdeaPad Slim 3 15ABR8 R5-7430U/16GB/512GB,Lenovo,R5 7430U,16,512,24999,
Neptun,LENOVO IdeaPad Slim 3 15IAH8 i5-12450H/16GB DDR5/512GB,Lenovo,I5 12450H,16,512,24999,
Neptun,LENOVO IdeaPad 1 15ALC7 R7-5700U/16GB/512GB,Lenovo,R7 5700U,16,512,24999,
Neptun,LENOVO IdeaPad Slim 3 15ABR8 R7-5825U/16GB/512GB,Lenovo,R7 5825U,16,512,27999,24999
Neptun,ASUS Vivobook 15 X1504VA-BQ512 i5-1335U/8GB/512GB,Asus,I5 1335U,8,512,35999,24999
Neptun,"DELL Vostro 3530 15.6"" 120Hz/i5-1334U/16GB/512GB",Dell,I5 1334U,16,512,26999,25799
Neptun,ASUS Vivobook Go 15 E1504FA-NJ1126 R5-7520U/16GB DDR5/1TB,Asus,R5 7520U,16,1024,28999,25799
Neptun,ASUS Vivobook Go 15 E1504FA-NJ312 R5-7520U/16GB DDR5/512GB,Asus,R5 7520U,16,512,25999,
Neptun,"DELL Inspiron 3535 15.6"" 120Hz/R5-7530U/16GB/512GB",Dell,R5 7530U,16,512,25999,
Neptun,LENOVO IdeaPad Slim 3 15IAH8 i5-12450H/16GB DDR5/512GB,Lenovo,I5 12450H,16,512,25999,
Neptun,Aspire 3 A315-44P-R87M R7-5700U/16GB/512GB,Aspire,R7 5700U,16,512,29999,25999
Neptun,LENOVO IdeaPad 1 15ALC7 R7-5700U/16GB/1TB,Lenovo,R7 5700U,16,1024,26999,
Neptun,ACER Extensa 15 EX215-55-56YF i5-1235U/16GB/512GB,Acer,I5 1235U,16,512,27999,26999
Neptun,ASUS Vivobook 15 M1502YA-BQ112 R7-7730U/16GB/512GB,Asus,R7 7730U,16,512,33499,27499
Neptun,LENOVO IdeaPad Slim 3 15IAH8 i5-12450H/16GB DDR5/1TB,Lenovo,I5 12450H,16,1024,27999,
Neptun,LENOVO IdeaPad Slim 3 15IRH8 i5-13420H/16GB DDR5/512GB,Lenovo,I5 13420H,16,512,28999,27999
Neptun,LENOVO IdeaPad Slim 3 15ABR8 R7-7730U/16GB/512GB,Lenovo,R7 7730U,16,512,30799,27999
Neptun,ACER Aspire Lite 16 AL16-52P-50A8 16” FHD+/i5-1334U/16GB DDR5/512GB,Acer,I5 1334U,16,512,28999,
Neptun,ACER Aspire Go 15 AG15-42P-R844 R7-5825U/20GB/512GB,Acer,R7 5825U,20,512,28999,
Neptun,"DELL Vostro 3530 15.6"" 120Hz/i5-1334U/16GB/512GB + BACKPACK DELL EcoLoop Essential 14-16",Dell,I5 1334U,16,512,28999,
Neptun,LENOVO IdeaPad Slim 3 15IRH10 15.3” FHD+/i5-13420H/16GB DDR5/512GB,Lenovo,I5 13420H,16,512,28999,
Neptun,ASUS Vivobook 15 X1504VA-BQ1696 i5-1334U/16GB/1TB,Asus,I5 1334U,16,1024,33999,28999
Neptun,ACER Aspire 5 A515-57-56D3 i5-12450H/16GB/512GB,Acer,I5 12450H,16,512,36999,29499
Neptun,LENOVO IdeaPad Slim 3 15ABR8 R7-7730U/16GB/512GB,Lenovo,R7 7730U,16,512,29999,
Neptun,ASUS Vivobook 15 X1504VA-NJ924 i5-1335U/16GB/512GB,Asus,I5 1335U,16,512,30999,29999
Neptun,LENOVO IdeaPad Slim 3 15IRU8 i5-1335U/16GB DDR5/512GB,Lenovo,I5 1335U,16,512,36999,29999
Neptun,ASUS Vivobook 15 OLED X1505VA-OLED-L511 i5-1335U/8GB/512GB,Asus,I5 1335U,8,512,40999,29999
Neptun,"DELL Inspiron 3535 15.6"" 120Hz/R7-7730U/16GB/1TB",Dell,R7 7730U,16,1024,31999,30799
Neptun,ASUS Vivobook 15 X1504VA-BQ1647 i5-1334U/16GB/512GB,Asus,I5 1334U,16,512,30999,
Neptun,LENOVO IdeaPad 3 15IAU7 i7-1255U/16GB/512GB,Lenovo,I7 1255U,16,512,30999,
Neptun,LENOVO IdeaPad Slim 3 15IRU9 Core 5 120U/16GB DDR5/512GB,Lenovo,I5,16,512,33999,30999
Neptun,ACER Aspire Go 15 AG15-42P-R6WF R7-5825U/32GB/512GB,Acer,R7 5825U,32,512,31799,
Neptun,LENOVO IdeaPad Slim 3 15ARP10 15.3 FHD+/R7-7735HS/16GB DDR5/512GB,Lenovo,R7 7735Hs,16,512,31999,
Neptun,"LENOVO IdeaPad Slim 5 16IRL8 16"" i5-13420H/16GB DDR5/512GB",Lenovo,I5 13420H,16,512,31999,
Neptun,LENOVO IdeaPad 3 15IAU7 i7-1255U/16GB/512GB,Lenovo,I7 1255U,16,512,32999,31999
Neptun,LENOVO IdeaPad Slim 3 15IRH10 15.3” FHD+/i7-13620H/16GB DDR5/512GB,Lenovo,I7 13620H,16,512,33999,31999
Neptun,"ACER Swift 3 SF314-43-R3Q3 14"" R7-5700U/16GB/512GB",Acer,R7 5700U,16,512,34999,31999
Neptun,ACER Aspire 3 A315-44P-R346 R7-5700U/32GB/1TB,Acer,R7 5700U,32,1024,32999,
Neptun,LENOVO IdeaPad Slim 3 15IRU8 i7-1355U/16GB DDR5/512GB,Lenovo,I7 1355U,16,512,32999,
Neptun,LENOVO IdeaPad Slim 3 15IRH8 i7-13620H/16GB DDR5/512GB,Lenovo,I7 13620H,16,512,34999,32999
Neptun,ASUS Vivobook 15 X1504VA-BQ1358 i7-1355U/16GB/1TB,Asus,I7 1355U,16,1024,41999,32999
Neptun,ACER Aspire 3 A315-59-7630 i7-1255U/16GB/512GB,Acer,I7 1255U,16,512,34999,33799
Neptun,DELL Vostro 3520 i7-1255U/16GB/512GB,Dell,I7 1255U,16,512,42999,34999
Neptun,ACER Aspire 15 A15-41M-R2UZ R5-8640HS/16GB DDR5/1TB,Acer,R5 8640Hs,16,1024,35999,
Neptun,LENOVO IdeaPad Slim 3 15IRH10 15.3” FHD+/i7-13620H/24GB DDR5/1TB,Lenovo,I7 13620H,24,1024,38999,37999
Neptun,ASUS Vivobook 15 X1504VA-BQ1693W i5-1334U/16GB/1TB/WIN11,Asus,I5 1334U,16,1024,38999,
Neptun,"DELL Vostro 3530 15.6"" 120Hz/i7-1355U/16GB/512GB",Dell,I7 1355U,16,512,38999,
Neptun,ACER Aspire 15 A15-51M-5917 Core 5 120U/16GB DDR5/1TB,Acer,I5,16,1024,40999,39999
Neptun,ACER Aspire 15 A15-41M-R5XN R7-8840HS/16GB DDR5/1TB,Acer,R7 8840Hs,16,1024,40999,
Neptun,"LENOVO IdeaPad Slim 5 14IMH9 14"" Ultra 5 125H/16GB DDR5X/512GB",Lenovo,Ultra 5 125H,16,512,40999,
Neptun,LENOVO IdeaPad Slim 3 15IRU9 Core 7 150U/16GB DDR5/512GB,Lenovo,I7,16,512,41999,
Neptun,ACER Aspire Go 15 AG15-51P-77U9 15.3” FHD+/i7-1355U/32GB DDR5/1TB,Acer,I7 1355U,32,1024,42999,
Neptun,"ACER Swift Go 14 SFG14-42-R54G, R5-7640U/16GB/512GB",Acer,R5 7640U,16,512,56999,46999
Neptun,"ACER Swift GO 14 SFG314-42-R1S7 14"" R5-7640U/16GB DDR5/512GB/WIN11",Acer,R5 7640U,16,512,59999,48999
Neptun,"ACER Swift Go 14 SFG14-71-72JF 14"" i7-1355U/16GB DDR5/512GB/WIN11",Acer,I7 1355U,16,512,64999,51999
Neptun,"ASUS Zenbook 14 OLED UX3405MA-QD438 14"" Ultra 5 125H/16GB DDR5X/512GB",Asus,Ultra 5 125H,16,512,53999,
Neptun,"ASUS Vivobook S16 M5606KA-RI076 16"" 3K OLED 120Hz/R5-AI 340/16GB DDR5X/512GB",Asus,R5 Ai 340,16,512,54999,53999
Neptun,Apple MacBook Air 13.6 M2/8C CPU/8C GPU/16GB/256GB Starlight mc7w4ze/a,Apple,M2,16,256,73799,56799
Neptun,Apple MacBook Air 13.6 M2/8C CPU/8C GPU/16GB/256GB Space Grey mc7u4ze/a,Apple,M2,16,256,73799,56799
Neptun,Apple MacBook Air 13.6 M2/8C CPU/8C GPU/16GB/256GB Midnight mc7x4ze/a,Apple,M2,16,256,73799,56799
Neptun,"LENOVO Yoga 7 2-in-1 14"" OLED Touch/Ultra 5 226V/16GB DDR5X/1TB/WIN11",Lenovo,Ultra 5 226V,16,1024,59999,
Neptun,"ASUS Vivobook S 14 S5406SA-QD052W 14"" OLED/Ultra 5 226V/16GB DDR5X/512GB/WIN11",Asus,Ultra 5 226V,16,512,61999,
Neptun,"ASUS Zenbook 14 UX3405CA-QL279 14"" OLED Touch/Ultra 5 225H/16GB DDR5X/1TB",Asus,Ultra 5 225H,16,1024,62999,61999
Neptun,"LENOVO Yoga 7 2-in-1 14AKP10 14"" 2.8K OLED 120Hz Touch/R7-AI 350/32GB DDR5X/1TB/WIN11",Lenovo,R7 Ai 350,32,1024,68999,
Neptun,"ASUS Zenbook 14 UM3406KA-PP059W 14"" 3K OLED 120Hz/R7-AI 350/16GB DDR5X/1TB/WIN11",Asus,M3,16,1024,70999,68999
Neptun,"ASUS Vivobook S16 M5606KA-RI080W 16"" 3K OLED 120Hz/R7-AI 350/24GB DDR5X/1TB/WIN11",Asus,R7 Ai 350,24,1024,69999,
Neptun,Apple MacBook Air 13.6 M3/8C CPU/8C GPU/16GB/256GB Midnight mc8k4ze/a,Apple,M3,16,256,79699,69999
Neptun,Apple MacBook Air 13.6 M3/8C CPU/8C GPU/16GB/256GB Space Grey mc8g4ze/a,Apple,M3,16,256,79699,69999
Neptun,"ASUS Zenbook 14 OLED UX3405MA-QD434W 14"" Ultra 7 155H/32GB DDR5X/1TB/WIN11",Asus,Ultra 7 155H,32,1024,71999,
Neptun,ASUS Vivobook S 15 OLED S5507QA-MA056W 3K 120Hz Snapdragon X Elite X1E-78-100/32GB DDR5X/1TB/WIN11,Asus,Snapdragon X Elite,32,1024,76999,71999
Neptun,Apple MacBook Air 13.6 M4/10C CPU/8C GPU/16GB/256GB MIDNIGHT mw123ze/a,Apple,M4,16,256,75999,
Neptun,Apple MacBook Air 13.6 M4/10C CPU/8C GPU/16GB/256GB SILVER mw0w3ze/a,Apple,M4,16,256,75999,
Neptun,Apple MacBook Air 13.6 M4/10C CPU/8C GPU/16GB/256GB SKY BLUE mc6t4ze/a,Apple,M4,16,256,75999,
Neptun,Apple MacBook Air 13.6 M4/10C CPU/8C GPU/16GB/256GB STARLIGHT mw0y3ze/a,Apple,M4,16,256,75999,
Neptun,MacBook Air 15.3 M2/8C CPU/10C GPU/8GB/256GB Midnight mqkw3ze/a,Macbook,M2,8,256,97499,78999
Neptun,MacBook Air 15.3 M2/8C CPU/10C GPU/8GB/256GB Starlight mqku3ze/a,Macbook,M2,8,256,97499,78999
Neptun,MacBook Air 15.3 M2/8C CPU/10C GPU/8GB/256GB Silver mqkr3ze/a,Macbook,M2,8,256,97499,78999
Neptun,Apple MacBook Air 13.6 M3/8C CPU/10C GPU/8GB/512GB Silver mrxr3ze/a,Apple,M3,8,512,93399,79899
Neptun,Apple MacBook Air 13.6 M3/8C CPU/10C GPU/8GB/512GB Midnight mrxw3ze/a,Apple,M3,8,512,93399,79899
Neptun,"ASUS ProArt PZ13 OLED HT5306QA-LX002W 13.3"" 3K Touch/Snapdragon X Plus X1P-42-100/16GB DDR5X/1TB/WIN11",Asus,Snapdragon X Plus,16,1024,83999,79999
Neptun,"ACER Swift X 14 SFX14-71G-76KY 14.5"" OLED i7-13700H/32GB DDR5/1TB/RTX 4050 6GB",Acer,I7 13700H,32,1024,86999,79999
